"San Francisco, CA 94127"
"Encinitas San Diego, CA 92024"
"Colma San Francisco, CA 94014"
"National City, CA 91950"
"Berkeley, CA 94710"
"San Mateo, CA 94401"
"Escondido, CA 92027"
"Millbrae, CA 94030"
"Los Angeles, CA 90049"
"Santa Paula, CA 93060"
"Newbury Park, CA 91320"
"San Fernando, CA 91340"
"Lake Forest, CA 92630"
"Stevensville , MD"
"Calverton , MD"
"Gapland , MD"
"Dayton , MD"
"walkersville , MD"
"Forest Hill , MD"
"Bel Air , MD"
"Perry Hall , MD"
"New Market , MD"
"Frederick , MD"
"Oak Park,IL"
"St Charles,IL"
"Hoffman Estates,IL"
"Palatine, IL 60074"
"Westlake Village, CA 91361"
"Encinitas, CA 92024"
"Astoria, NY 11102"
"Oceanside, CA 92056"
"Coconut Creek, FL 33073"
"Forest Hill San Francisco, CA 94127"
"Lambertville, NJ"
"Philadelphia, PA 19122"
